<ActionDescription Class="Group" DisplayName="Move to next Department" MnemonicDisplayName="Move to next Department" Description="Move to next Department" SqmDataPoint="53">
 
  <ShowOn>
    <string>ContextMenu</string>
  </ShowOn>
 
  <ActionGroups>
    <ActionDescription Class="Executable" DisplayName="Move to Development" MnemonicDisplayName="Move to Development" Description="Moves object to Development and adjusts scope">
      <ShowOn>
	<string>DefaultHomeTab</string>
        <string>ContextMenu</string>
      </ShowOn>
      <Executable>
        <FilePath>wscript.exe</FilePath>
	<Parameters>"C:\Program Files (x86)\CM12ConsoleExtensions\SilentOpenPS.vbs" "C:\Program Files (x86)\CM12ConsoleExtensions\movereassignTasksequence_DEV.ps1" ##SUB:PackageID## ##SUB:__Server##</Parameters>
      </Executable>
    </ActionDescription>
    <ActionDescription Class="Executable" DisplayName="Move to Quality" MnemonicDisplayName="Move to Quality" Description="Moves object to Quality and adjusts scope">
      <ShowOn>
	<string>DefaultHomeTab</string>
        <string>ContextMenu</string>
      </ShowOn>
      <Executable>
        <FilePath>wscript.exe</FilePath>
	<Parameters>"C:\Program Files (x86)\CM12ConsoleExtensions\SilentOpenPS.vbs" "C:\Program Files (x86)\CM12ConsoleExtensions\movereassignTasksequence_QS.ps1" ##SUB:PackageID## ##SUB:__Server##</Parameters>
      </Executable>
    </ActionDescription>
    <ActionDescription Class="Executable" DisplayName="Move to Production" MnemonicDisplayName="Move to Production" Description="Moves object to production and adjusts scope">
      <ShowOn>
	<string>DefaultHomeTab</string>
        <string>ContextMenu</string>
      </ShowOn>
      <Executable>
        <FilePath>wscript.exe</FilePath>
	<Parameters>"C:\Program Files (x86)\CM12ConsoleExtensions\SilentOpenPS.vbs" "C:\Program Files (x86)\CM12ConsoleExtensions\movereassignTasksequence_PROD.ps1" ##SUB:PackageID## ##SUB:__Server##</Parameters>
      </Executable>
    </ActionDescription>
  </ActionGroups>
</ActionDescription>